Estado,ID,Ano,PIB,Investimento (% PIB),Série de investimento,I0,K,,,k0,taxa de crescimento tecnológico,,taxa de depreciação implícita média
Acre,1,2003,"7.726.410,43","0,1660475915","1282951,843","1510219,751","11185061,03",,,"10287986,76","0,08719628849",,"0,05959819963"
Acre,1,2004,"8.045.587,75","0,1732023332","1393514,571",,"11801403,37",,,,,,
Acre,1,2005,"8.651.726,68","0,1705618345","1475654,375",,"12491575,55",,,,,,
Acre,1,2006,"9.092.774,20","0,1721029957","1564893,678",,"13222754,51",,,,,,
Acre,1,2007,"10.191.757,11","0,1799576134","1834084,286",,"13999595,82",,,,,,
Acre,1,2008,"11.302.382,11","0,1938532955","2191004,02",,"14999329,4",,,,,,
Acre,1,2009,"12.521.385,59","0,1910195804","2391829,821",,"16296400,39",,,,,,
Acre,1,2010,"13.314.319,96","0,2053467365","2734052,152",,"17716994,09",,,,,,
Acre,1,2011,"13.411.043,57","0,2060896421","2763877,169",,"19395145,29",,,,,,
Acre,1,2012,"14.353.969,27","0,2071671277","2973670,585",,"21003106,72",,,,,,
Acre,1,2013,"15.338.941,22","0,2091192188","3207667,405",,"22725029,96",,,,,,
Acre,1,2014,"16.908.850,97","0,198730289","3360300,841",,"24578326,49",,,,,,
Acre,1,2015,"15.464.493,68","0,1783580704","2758217,253",,"26473803,32",,,,,,
Acre,1,2016,"14.689.996,02","0,1552432733","2280523,066",,"27654229,56",,,,,,
Acre,1,2017,"14.807.545,17","0,1455898652","2155828,505",,"28286610,33",,,,,,
Acre,1,2018,"15.331.122,59","0,1509691196","2314526,079",,"28756607,79",,,,,,
Alagoas,2,2003,"28881158,81","0,1660475915","4795646,861","5559555,237","41175441,23",,,"37873051,69",,,
Alagoas,2,2004,"29862436,21","0,1732023332","5172243,628",,"43517105,93",,,,,,
Alagoas,2,2005,"31151102,36","0,1705618345","5313189,167",,"46095808,39",,,,,,
Alagoas,2,2006,"33929956,68","0,1721029957","5839447,187",,"48661770,37",,,,,,
Alagoas,2,2007,"37104567,11","0,1799576134","6677249,343",,"51601063,65",,,,,,
Alagoas,2,2008,"39252256,39","0,1938532955","7609179,259",,"55202982,5",,,,,,
Alagoas,2,2009,"40875310,31","0,1910195804","7807984,622",,"59522163,39",,,,,,
Alagoas,2,2010,"43304069,99","0,2053467365","8892349,45",,"63782734,23",,,,,,
Alagoas,2,2011,"47439616,75","0,2060896421","9776813,637",,"68873747,55",,,,,,
Alagoas,2,2012,"49060409,79","0,2071671277","10163704,18",,"74545809,83",,,,,,
Alagoas,2,2013,"49841206,5","0,2091192188","10422754,17",,"80266717,96",,,,,,
Alagoas,2,2014,"51478983,07","0,198730289","10230433,19",,"85905720,24",,,,,,
Alagoas,2,2015,"52635679,95","0,1783580704","9387998,312",,"91016327,16",,,,,,
Alagoas,2,2016,"52834297,5","0,1552432733","8202169,285",,"94979916,24",,,,,,
Alagoas,2,2017,"54830646,55","0,1455898652","7982786,44",,"97521453,52",,,,,,
Alagoas,2,2018,"54413046,66","0,1509691196","8214689,746",,"99692136,9",,,,,,
Amapá,3,2003,"7808681,503","0,1660475915","1296612,756","1595166,212","11814195,53",,,"10866662,86",,,
Amapá,3,2004,"8132203,609","0,1732023332","1408516,639",,"12406703,5",,,,,,
Amapá,3,2005,"8663452,936","0,1705618345","1477654,426",,"13075802,95",,,,,,
Amapá,3,2006,"10300152,28","0,1721029957","1772687,063",,"13774163,06",,,,,,
Amapá,3,2007,"11226866,91","0,1799576134","2020360,174",,"14725934,8",,,,,,
Amapá,3,2008,"12254774,32","0,1938532955","2375628,388",,"15868655,77",,,,,,
Amapá,3,2009,"12661399,54","0,1910195804","2418575,227",,"17298540,85",,,,,,
Amapá,3,2010,"13147442,92","0,2053467365","2699784,496",,"18686154,18",,,,,,
Amapá,3,2011,"14100061,59","0,2060896421","2905876,647",,"20272277,53",,,,,,
Amapá,3,2012,"15759846,22","0,2071671277","3264922,075",,"21969962,94",,,,,,
Amapá,3,2013,"17062886,22","0,2091192188","3568177,435",,"23925514,77",,,,,,
Amapá,3,2014,"16835462,43","0,198730289","3345716,314",,"26067774,6",,,,,,
Amapá,3,2015,"15735227,26","0,1783580704","2806504,772",,"27859898,48",,,,,,
Amapá,3,2016,"15317887,98","0,1552432733","2377999,069",,"29006003,46",,,,,,
Amapá,3,2017,"16061795,77","0,1455898652","2338434,681",,"29655296,95",,,,,,
Amapá,3,2018,"16795206,67","0,1509691196","2535557,563",,"30226329,32",,,,,,
Amazonas,4,2003,"59167190,6","0,1660475915","9824569,496","12189849,1","90281037,56",,,"83040237,09",,,
Amazonas,4,2004,"66105378,21","0,1732023332","11449605,74",,"94725019,75",,,,,,
Amazonas,4,2005,"68361283,68","0,1705618345","11659825,96",,"100529184,9",,,,,,
Amazonas,4,2006,"77889043,69","0,1721029957","13404937,75",,"106197652,4",,,,,,
Amazonas,4,2007,"81187487,79","0,1799576134","14610306,54",,"113273401,2",,,,,,
Amazonas,4,2008,"84835491,52","0,1938532955","16445639,61",,121132817,,,,,,
Amazonas,4,2009,"85460922,08","0,1910195804","16324709,47",,"130359158,8",,,,,,
Amazonas,4,2010,"97159307,97","0,2053467365","19951346,81",,"138914697,1",,,,,,
Amazonas,4,2011,"105998006,4","0,2060896421","21845091,19",,"150586978,1",,,,,,
Amazonas,4,2012,"102286171,5","0,2071671277","21190332,36",,"163457356,5",,,,,,
Amazonas,4,2013,"111027168,7","0,2091192188","23217914,79",,"174905924,7",,,,,,
Amazonas,4,2014,108886255,"0,198730289","21638996,92",,"187699761,3",,,,,,
Amazonas,4,2015,"98271497,89","0,1783580704","17527514,74",,"198152190,3",,,,,,
Amazonas,4,2016,"95097515,01","0,1552432733","14763249,51",,"203870191,3",,,,,,
Amazonas,4,2017,"96732577,95","0,1455898652","14083282,99",,"206483144,4",,,,,,
Amazonas,4,2018,"100109235,1","0,1509691196","15113403,08",,"208260403,8",,,,,,
Bahia,5,2003,"153680677,3","0,1660475915","25518306,33","30651507,71","227012647,7",,,"208805576,4",,,
Bahia,5,2004,"165699287,3","0,1732023332","28699503,18",,239001409,,,,,,
Bahia,5,2005,"177621858,3","0,1705618345",30295510,,"253456858,4",,,,,,
Bahia,5,2006,185974246,"0,1721029957","32006724,86",,268646796,,,,,,
Bahia,5,2007,"204145262,3","0,1799576134","36737494,19",,"284642655,5",,,,,,
Bahia,5,2008,"214520659,7","0,1938532955","41585536,85",,"304415959,9",,,,,,
Bahia,5,2009,"233163152,1","0,1910195804","44538727,47",,"327858853,6",,,,,,
Bahia,5,2010,"246452126,8","0,2053467365","50608139,94",,"352857783,6",,,,,,
Bahia,5,2011,"249660223,9","0,2060896421","51452386,19",,"382436234,9",,,,,,
Bahia,5,2012,"258498712,7","0,2071671277","53552435,83",,"411096110,1",,,,,,
Bahia,5,2013,"273846382,7","0,2091192188","57266541,61",,"440147957,9",,,,,,
Bahia,5,2014,"281334682,7","0,198730289","55909722,8",,"471182473,6",,,,,,
Bahia,5,2015,"278171601,3","0,1783580704","49614150,06",,"499010569,3",,,,,,
Bahia,5,2016,"276342018,8","0,1552432733","42900239,54",,"518884587,8",,,,,,
Bahia,5,2017,"278789369,2","0,1455898652","40588906,68",,"530860240,1",,,,,,
Bahia,5,2018,"286239541,1","0,1509691196","43213331,5",,"539810832,2",,,,,,
Ceará,6,2003,"74782023,03","0,1660475915","12417374,81","14555490,49","107801562,9",,,"99155565,58",,,
Ceará,6,2004,"78437657,79","0,1732023332","13585585,34",,"113794158,6",,,,,,
Ceará,6,2005,"82601675,58","0,1705618345","14088693,32",,120597817,,,,,,
Ceará,6,2006,"90698074,98","0,1721029957","15609410,41",,"127499097,5",,,,,,
Ceará,6,2007,"94891170,59","0,1799576134","17076388,59",,"135509791,3",,,,,,
Ceará,6,2008,106523053,"0,1938532955","20649844,88",,"144510040,3",,,,,,
Ceará,6,2009,"113587590,8","0,1910195804","21697453,92",,"156547346,9",,,,,,
Ceará,6,2010,126619978,"0,2053467365","26000999,26",,"168914860,8",,,,,,
Ceará,6,2011,"134412376,8","0,2060896421","27700998,63",,"184848838,5",,,,,,
Ceará,6,2012,"137302091,8","0,2071671277",28444480,,"201533179,1",,,,,,
Ceará,6,2013,"145765688,4","0,2091192188","30482406,87",,"217966644,5",,,,,,
Ceará,6,2014,"158368687,2","0,198730289","31472654,99",,"235458631,8",,,,,,
Ceará,6,2015,"148289940,4","0,1783580704","26448707,64",,"252898376,2",,,,,,
Ceará,6,2016,"147839959,2","0,1552432733","22951159,19",,"264274795,9",,,,,,
Ceará,6,2017,"153462055,1","0,1455898652","22342519,92",,"271475653,1",,,,,,
Ceará,6,2018,"155903824,8","0,1509691196","23536663,16",,"277638712,8",,,,,,
Espírito Santo,8,2003,"72109166,73","0,1660475915","11973553,46","16213906,39","120084201,2",,,"110453100,7",,,
Espírito Santo,8,2004,"84479971,31","0,1732023332","14632128,14",,"124900952,4",,,,,,
Espírito Santo,8,2005,"94594020,41","0,1705618345","16134129,66",,"132089208,7",,,,,,
Espírito Santo,8,2006,"104280354,9","0,1721029957","17946961,47",,"140351059,3",,,,,,
Espírito Santo,8,2007,"113264222,7","0,1799576134","20382759,2",,"149933350,3",,,,,,
Espírito Santo,8,2008,"127109117,6","0,1938532955","24640521,33",,"161380351,8",,,,,,
Espírito Santo,8,2009,116994211,"0,1910195804","22348185,08",,"176402894,7",,,,,,
Espírito Santo,8,2010,"136154401,6","0,2053467365","27958862,02",,"188237784,8",,,,,,
Espírito Santo,8,2011,"158809123,7","0,2060896421","32728915,46",,"204978013,8",,,,,,
Espírito Santo,8,2012,165445068,"0,2071671277","34274779,53",,"225490608,7",,,,,,
Espírito Santo,8,2013,"156778391,4","0,2091192188","32785374,73",,"246326553,9",,,,,,
Espírito Santo,8,2014,"161797658,5","0,198730289","32154095,44",,"264431309,5",,,,,,
Espírito Santo,8,2015,"136638480,4","0,1783580704","24370575,7",,280825775,,,,,,
Espírito Santo,8,2016,"116698119,5","0,1552432733","18116598,05",,"288459640,1",,,,,,
Espírito Santo,8,2017,"117647423,5","0,1455898652","17128272,53",,"289384562,9",,,,,,
Espírito Santo,8,2018,"137020054,9","0,1509691196","20685797,05",,"289266036,5",,,,,,
Goiás,9,2003,104226987,"0,1660475915","17306640,17","19841510,94","146951137,8",,,"135165231,3",,,
Goiás,9,2004,"108657492,4","0,1732023332","18819731,2",,"155499754,7",,,,,,
Goiás,9,2005,"108363544,9","0,1705618345","18482685,02",,"165051980,5",,,,,,
Goiás,9,2006,"119711666,1","0,1721029957","20602736,36",,"173697864,6",,,,,,
Goiás,9,2007,"133341187,9","0,1799576134","23995761,95",,183948521,,,,,,
Goiás,9,2008,"145316347,9","0,1938532955","28170052,93",,"196981282,2",,,,,,
Goiás,9,2009,"156970276,9","0,1910195804","29984396,42",,"213411605,4",,,,,,
Goiás,9,2010,"170404077,8","0,2053467365","34991921,26",,"230677054,3",,,,,,
Goiás,9,2011,"181767433,7","0,2060896421","37460385,36",,"251921038,5",,,,,,
Goiás,9,2012,"196462847,6","0,2071671277","40700643,84",,"274367383,5",,,,,,
Goiás,9,2013,"202265872,2","0,2091192188","42297681,18",,"298716225,2",,,,,,
Goiás,9,2014,"207317194,1","0,198730289","41200205,9",,"323210957,2",,,,,,
Goiás,9,2015,"197106143,8","0,1783580704","35155471,47",,"345148371,9",,,,,,
Goiás,9,2016,"194125437,4","0,1552432733","30136668,33",,"359733621,8",,,,,,
Goiás,9,2017,"199137880,5","0,1455898652","28992457,18",,368430814,,,,,,
Goiás,9,2018,195681724,"0,1509691196","29541897,58",,"375465457,9",,,,,,
Maranhão,10,2003,"44618584,17","0,1660475915","7408808,437","8894233,853","65872895,89",,,"60589699,02",,,
Maranhão,10,2004,"47046950,21","0,1732023332","8148641,547",,"69355798,33",,,,,,
Maranhão,10,2005,"50503581,65","0,1705618345","8613983,538",,"73370959,16",,,,,,
Maranhão,10,2006,"57950097,68","0,1721029957","9973385,411",,"77612165,63",,,,,,
Maranhão,10,2007,"57382125,37","0,1799576134","10326350,33",,"82960005,7",,,,,,
Maranhão,10,2008,"66881352,65","0,1938532955","12965170,62",,"88342089,05",,,,,,
Maranhão,10,2009,"69292818,77","0,1910195804","13236285,16",,"96042230,21",,,,,,
Maranhão,10,2010,"73909733,36","0,2053467365","15177122,54",,"103554571,4",,,,,,
Maranhão,10,2011,"78138935,14","0,2060896421","16103625,18",,"112560027,9",,,,,,
Maranhão,10,2012,"85646045,32","0,2071671277","17743045,21",,"121955278,1",,,,,,
Maranhão,10,2013,"90497957,22","0,2091192188","18924862,11",,"132430008,3",,,,,,
Maranhão,10,2014,"96540573,97","0,198730289","19185536,17",,"143462280,3",,,,,,
Maranhão,10,2015,"89085309,24","0,1783580704","15889083,86",,"154097722,8",,,,,,
Maranhão,10,2016,"91114021,74","0,1552432733","14144838,98",,"160802859,9",,,,,,
Maranhão,10,2017,"92896653,96","0,1455898652","13524811,33",,"165364137,9",,,,,,
Maranhão,10,2018,"98179495,65","0,1509691196","14822072,02",,"169033544,3",,,,,,
Mato Grosso,11,2003,"61077412,03","0,1660475915","10141757,16","11455199,83","84840043,39",,,"78035626,4",,,
Mato Grosso,11,2004,"70991356,48","0,1732023332","12295868,58",,"89925486,71",,,,,,
Mato Grosso,11,2005,"68916887,03","0,1705618345","11754590,68",,"96861958,18",,,,,,
Mato Grosso,11,2006,"59880142,42","0,1721029957","10305551,89",,"102843750,5",,,,,,
Mato Grosso,11,2007,"71006892,15","0,1799576134","12778230,84",,"107020000,1",,,,,,
Mato Grosso,11,2008,"86752483,8","0,1938532955","16817254,88",,"113420031,6",,,,,,
Mato Grosso,11,2009,"89067291,64","0,1910195804","17013596,67",,"123477656,8",,,,,,
Mato Grosso,11,2010,"90334585,67","0,2053467365","18549912,36",,"133132207,4",,,,,,
Mato Grosso,11,2011,"103629654,3","0,2060896421","21356998,37",,"143747679,9",,,,,,
Mato Grosso,11,2012,"112796150,6","0,2071671277","23367654,55",,"156537575,3",,,,,,
Mato Grosso,11,2013,"119264427,7","0,2091192188","24940483,94",,"170575872,2",,,,,,
Mato Grosso,11,2014,"127186111,4","0,198730289","25275732,69",,"185350341,3",,,,,,
Mato Grosso,11,2015,"121940400,7","0,1783580704","21749054,58",,"199579527,3",,,,,,
Mato Grosso,11,2016,"132308368,3","0,1552432733","20539984,17",,"209434001,4",,,,,,
Mato Grosso,11,2017,"131597013,8","0,1455898652","19159191,51",,"217492096,1",,,,,,
Mato Grosso,11,2018,"137442852,8","0,1509691196","20749626,48",,"223689150,3",,,,,,
Mato Grosso do Sul,12,2003,"49980405,71","0,1660475915","8299125,99",8821675,"65335507,08",,,"60095410,34",,,
Mato Grosso do Sul,12,2004,"49694457,86","0,1732023332","8607196,05",,"69740754,47",,,,,,
Mato Grosso do Sul,12,2005,"47729466,76","0,1705618345","8140825,412",,"74191527,12",,,,,,
Mato Grosso do Sul,12,2006,"52015267,72","0,1721029957","8951983,396",,"77910671,08",,,,,,
Mato Grosso do Sul,12,2007,"56175695,81","0,1799576134","10109244,15",,"82219318,75",,,,,,
Mato Grosso do Sul,12,2008,"63860793,56","0,1938532955","12379625,29",,"87428439,53",,,,,,
Mato Grosso do Sul,12,2009,"66796545,82","0,1910195804","12759448,15",,"94597487,22",,,,,,
Mato Grosso do Sul,12,2010,"75443517,36","0,2053467365","15492080,08",,"101719095,4",,,,,,
Mato Grosso do Sul,12,2011,"82618997,31","0,2060896421","17026919,59",,"111148900,6",,,,,,
Mato Grosso do Sul,12,2012,"87802543,97","0,2071671277","18189800,84",,"121551545,8",,,,,,
Mato Grosso do Sul,12,2013,"92514406,23","0,2091192188","19346540,35",,"132497093,3",,,,,,
Mato Grosso do Sul,12,2014,"99189094,3","0,198730289","19711877,38",,"143947045,5",,,,,,
Mato Grosso do Sul,12,2015,"94314639,64","0,1783580704","16821777,14",,"155079938,1",,,,,,
Mato Grosso do Sul,12,2016,"98144085,39","0,1552432733","15236209,07",,"162659230,1",,,,,,
Mato Grosso do Sul,12,2017,"100007040,4","0,1455898652","14560011,54",,"168201241,9",,,,,,
Mato Grosso do Sul,12,2018,"106969141,7","0,1509691196","16149037,14",,"172736762,3",,,,,,
Minas Gerais,13,2003,"329874695,1","0,1660475915","54774898,62","66970811,11","496002392,2",,,456221565,,,
Minas Gerais,13,2004,"365433863,5","0,1732023332","63293997,8",,"521216441,2",,,,,,
Minas Gerais,13,2005,"378943568,6","0,1705618345","64633310,25",,"553446877,5",,,,,,
Minas Gerais,13,2006,"414788785,3","0,1721029957","71386392,52",,"585095750,3",,,,,,
Minas Gerais,13,2007,"448802664,3","0,1799576134","80765456,35",,"621611489,5",,,,,,
Minas Gerais,13,2008,"491233177,4","0,1938532955","95227170,3",,"665330020,2",,,,,,
Minas Gerais,13,2009,"485864204,8","0,1910195804","92809576,51",,"720904719,1",,,,,,
Minas Gerais,13,2010,"560389630,3","0,2053467365","115074181,8",,"770749672,2",,,,,,
Minas Gerais,13,2011,599601020,"0,2060896421","123571559,6",,"839888561,2",,,,,,
Minas Gerais,13,2012,"626214371,5","0,2071671277","129731032,7",,"913404274,6",,,,,,
Minas Gerais,13,2013,"652390106,5","0,2091192188","136427309,4",,988698057,,,,,,
Minas Gerais,13,2014,"649073728,1","0,198730289","128990609,6",,1066200742,,,,,,
Minas Gerais,13,2015,"589540564,7","0,1783580704","105149317,6",,1131647707,,,,,,
Minas Gerais,13,2016,"581876106,8","0,1552432733","90332351,46",,1169352859,,,,,,
Minas Gerais,13,2017,"597964158,6","0,1455898652","87057521,25",,1189993885,,,,,,
Minas Gerais,13,2018,"614875819,8","0,1509691196","92827261,15",,1206129913,,,,,,
Pará,14,2003,"69251819,62","0,1660475915","11499097,86","14397507,54",106631502,,,"98079346,98",,,
Pará,14,2004,"79249678,36","0,1732023332","13726229,2",,"111775554,3",,,,,,
Pará,14,2005,"81522235,44","0,1705618345","13904582,03",,"118840161,7",,,,,,
Pará,14,2006,"89689102,07","0,1721029957","15435763,15",,"125662084,1",,,,,,
Pará,14,2007,"96810938,5","0,1799576134","17421865,44",,"133608613,2",,,,,,
Pará,14,2008,"107477642,5","0,1938532955","20834895,18",,"143067645,9",,,,,,
Pará,14,2009,"104232053,8","0,1910195804","19910363,17",,"155375966,9",,,,,,
Pará,14,2010,"131963702,9","0,2053467365","27098315,72",,"166026202,2",,,,,,
Pará,14,2011,147921535,"0,2060896421","30485096,21",,"183229655,2",,,,,,
Pará,14,2012,151612457,"0,2071671277","31409117,26",,"202794593,8",,,,,,
Pará,14,2013,"162059622,9","0,2091192188","33889781,74",,"222117518,4",,,,,,
Pará,14,2014,"156522445,7","0,198730289","31105750,88",,"242769495,9",,,,,,
Pará,14,2015,"148596052,4","0,1783580704","26503305,18",,"259406621,9",,,,,,
Pará,14,2016,"147503521,6","0,1552432733","22898929,52",,"270449759,5",,,,,,
Pará,14,2017,"161046759,5","0,1455898652","23446776,01",,"277230370,2",,,,,,
Pará,14,2018,161349602,"0,1509691196","24358807,36",,"284154715,3",,,,,,
Paraíba,15,2003,"33717298,45","0,1660475915","5598676,2","6423877,732","47576827,42",,,"43761028,18",,,
Paraíba,15,2004,"33504474,16","0,1732023332","5803053,098",,"50340010,36",,,,,,
Paraíba,15,2005,"35320881,97","0,1705618345","6024394,427",,"53142889,47",,,,,,
Paraíba,15,2006,"40644192,13","0,1721029957","6994987,222",,"56000063,37",,,,,,
Paraíba,15,2007,42778283,"0,1799576134","7698277,714",,"59657547,63",,,,,,
Paraíba,15,2008,"47410944,65","0,1938532955","9190767,864",,"63800342,91",,,,,,
Paraíba,15,2009,"51098231,27","0,1910195804","9760762,695",,"69188725,2",,,,,,
Paraíba,15,2010,"53501577,45","0,2053467365","10986374,33",,"74825964,44",,,,,,
Paraíba,15,2011,"55609356,08","0,2060896421","11460512,29",,81352846,,,,,,
Paraíba,15,2012,"60157919,54","0,2071671277","12462743,4",,"87964875,14",,,,,,
Paraíba,15,2013,"61999563,99","0,2091192188","12965300,38",,"95185070,35",,,,,,
Paraíba,15,2014,"66506814,25","0,198730289","13216918,42",,"102477511,9",,,,,,
Paraíba,15,2015,"63731816,7","0,1783580704","11367083,85",,"109586955,1",,,,,,
Paraíba,15,2016,"63125916,42","0,1552432733","9799873,894",,"114422853,7",,,,,,
Paraíba,15,2017,"64733897,4","0,1455898652","9424599,397",,"117403331,6",,,,,,
Paraíba,15,2018,"64373595,37","0,1509691196","9718425,016",,"119830903,8",,,,,,
Paraná,16,2003,"251747322,2","0,1660475915","41802036,53","46544471,2","344719866,5",,,"317072335,6",,,
Paraná,16,2004,"262483995,3","0,1732023332","45462840,42",,"365977219,6",,,,,,
Paraná,16,2005,"256427680,6","0,1705618345","43736775,63",,"389628476,6",,,,,,
Paraná,16,2006,268480660,"0,1721029957","46206325,87",,"410144096,5",,,,,,
Paraná,16,2007,"308485851,4","0,1799576134","55514377,57",,"431906572,6",,,,,,
Paraná,16,2008,"327392596,4","0,1938532955","63466133,74",,"461680096,1",,,,,,
Paraná,16,2009,"332439328,4","0,1910195804","63502421,01",,"497630927,3",,,,,,
Paraná,16,2010,"359425441,5","0,2053467365","73806841,42",,"531475440,9",,,,,,
Paraná,16,2011,"385306829,3","0,2060896421","79407746,54",,"573607302,9",,,,,,
Paraná,16,2012,"404400675,3","0,2071671277","83778526,35",,"618829086,9",,,,,,
Paraná,16,2013,"445814792,1","0,2091192188","93228441,03",,"665726513,8",,,,,,
Paraná,16,2014,"437315992,3","0,198730289","86907933,56",,"719278853,2",,,,,,
Paraná,16,2015,"427925125,8","0,1783580704","76323899,73",,763319062,,,,,,
Paraná,16,2016,"429151191,5","0,1552432733","66622835,7",,"794150519,9",,,,,,
Paraná,16,2017,"437285415,1","0,1455898652","63664324,64",,"813443414,4",,,,,,
Paraná,16,2018,"440029402,9","0,1509691196","66430851,53",,828627976,,,,,,
Pernambuco,17,2003,"88802591,01","0,1660475915","14745456,36","17632668,95","130591907,7",,,"120118058,7",,,
Pernambuco,17,2004,"95642676,03","0,1732023332","16565534,64",,"137554321,4",,,,,,
Pernambuco,17,2005,"101071351,7","0,1705618345","17238915,17",,"145921866,2",,,,,,
Pernambuco,17,2006,"108223108,7","0,1721029957","18625521,21",,"154464100,8",,,,,,
Pernambuco,17,2007,"116627004,4","0,1799576134","20987917,36",,"163883839,7",,,,,,
Pernambuco,17,2008,"124151890,9","0,1938532955","24067253,19",,"175104575,3",,,,,,
Pernambuco,17,2009,134819356,"0,1910195804","25753136,8",,188735911,,,,,,
Pernambuco,17,2010,155113932,"0,2053467365","31852139,73",,"203240727,3",,,,,,
Pernambuco,17,2011,"165080999,2","0,2060896421","34021484,03",,"222980085,6",,,,,,
Pernambuco,17,2012,"181215667,7","0,2071671277","37541929,39",,243712358,,,,,,
Pernambuco,17,2013,"188696931,6","0,2091192188","39460154,92",,"266729469,6",,,,,,
Pernambuco,17,2014,"194913652,6","0,198730289","38735246,51",,"290293028,3",,,,,,
Pernambuco,17,2015,"178183877,4","0,1783580704","31780532,55",,311727333,,,,,,
Pernambuco,17,2016,178730184,"0,1552432733","27746658,8",,"324929477,7",,,,,,
Pernambuco,17,2017,"188411832,1","0,1455898652","27430853,24",,"333310924,6",,,,,,
Pernambuco,17,2018,"186351975,2","0,1509691196","28133393,63",,"340877046,9",,,,,,
Piauí,18,2003,"19251544,42","0,1660475915","3196672,584","3887370,473","28790827,26",,,"26481719,6",,,
Piauí,18,2004,"20000119,96","0,1732023332","3464067,442",,"30539013,23",,,,,,
Piauí,18,2005,"21549613,53","0,1705618345","3675541,617",,"32183010,47",,,,,,
Piauí,18,2006,"26059383,26","0,1721029957","4484897,925",,"33940502,6",,,,,,
Piauí,18,2007,"25648666,43","0,1799576134","4615672,797",,"36402607,68",,,,,,
Piauí,18,2008,"28569276,52","0,1938532955","5538248,405",,"38848750,6",,,,,,
Piauí,18,2009,"32025042,8","0,1910195804","6117410,237",,"42071683,41",,,,,,
Piauí,18,2010,"35541349,91","0,2053467365","7298300,215",,"45681697,06",,,,,,
Piauí,18,2011,"38874050,66","0,2060896421","8011539,187",,"50257450,37",,,,,,
Piauí,18,2012,"40547198,58","0,2071671277","8400046,668",,55273736,,,,,,
Piauí,18,2013,"41821519,53","0,2091192188","8745683,491",,"60379567,51",,,,,,
Piauí,18,2014,"47393960,43","0,198730289","9418615,455",,"65526737,49",,,,,,
Piauí,18,2015,"44442404,49","0,1783580704","7926661,511",,"71040077,36",,,,,,
Piauí,18,2016,"44234696,83","0,1552432733","6867139,129",,"74732878,16",,,,,,
Piauí,18,2017,"47064744,19","0,1455898652","6852149,763",,"77146072,29",,,,,,
Piauí,18,2018,"50378417,56","0,1509691196","7605585,343",,"79400455,04",,,,,,
Rio de Janeiro,19,2003,"463600030,8","0,1660475915","76979668,53","93556450,74","692902215,3",,,"637329452,5",,,
Rio de Janeiro,19,2004,"512856410,8","0,1732023332","88827926,96",,"728586159,2",,,,,,
Rio de Janeiro,19,2005,"542832652,6","0,1705618345","92586533,08",,"773991662,8",,,,,,
Rio de Janeiro,19,2006,"584634165,2","0,1721029957","100617291,2",,"820449686,3",,,,,,
Rio de Janeiro,19,2007,"604424741,4","0,1799576134","108770833,9",,"872169653,3",,,,,,
Rio de Janeiro,19,2008,"666982963,6","0,1938532955","129296845,5",,"928960746,1",,,,,,
Rio de Janeiro,19,2009,"662004534,7","0,1910195804","126455828,4",,1002893204,,,,,,
Rio de Janeiro,19,2010,"717969244,6","0,2053467365","147432641,3",,1069578403,,,,,,
Rio de Janeiro,19,2011,"768400872,8","0,2060896421","158359460,8",,1153266097,,,,,,
Rio de Janeiro,19,2012,"813961582,6","0,2071671277","168626083,2",,1242892975,,,,,,
Rio de Janeiro,19,2013,"839844988,8","0,2091192188","175627727,9",,1337444874,,,,,,
Rio de Janeiro,19,2014,"843108201,5","0,198730289","167551136,6",,1433363295,,,,,,
Rio de Janeiro,19,2015,"748249171,3","0,1783580704","133456278,4",,1515488560,,,,,,
Rio de Janeiro,19,2016,"683970265,6","0,1552432733","106181782,9",,1558624449,,,,,,
Rio de Janeiro,19,2017,"696761203,5","0,1455898652","101441369,7",,1571915021,,,,,,
Rio de Janeiro,19,2018,"758859046,9","0,1509691196","114564282,2",,1579673085,,,,,,
Rio Grande do Norte,20,2003,"34009042,21","0,1660475915","5647119,548","7075849,519","52405491,74",,,"48202419,65",,,
Rio Grande do Norte,20,2004,"36682238,64","0,1732023332","6353449,32",,"54929338,33",,,,,,
Rio Grande do Norte,20,2005,"40168597,46","0,1705618345","6851229,674",,"58009097,98",,,,,,
Rio Grande do Norte,20,2006,"44646792,16","0,1721029957","7683846,679",,"61403089,85",,,,,,
Rio Grande do Norte,20,2007,"49142696,48","0,1799576134","8843602,374",,"65427422,92",,,,,,
Rio Grande do Norte,20,2008,"50953664,12","0,1938532955","9877535,709",,"70371668,68",,,,,,
Rio Grande do Norte,20,2009,"52299433,52","0,1910195804","9990215,843",,"76055179,64",,,,,,
Rio Grande do Norte,20,2010,"57750121,13","0,2053467365","11858798,91",,"81512643,7",,,,,,
Rio Grande do Norte,20,2011,"61429350,37","0,2060896421","12659952,83",,"88513435,79",,,,,,
Rio Grande do Norte,20,2012,"65713588,51","0,2071671277","13613695,39",,"95898147,21",,,,,,
Rio Grande do Norte,20,2013,"68872528,02","0,2091192188","14402569,25",,"103796485,7",,,,,,
Rio Grande do Norte,20,2014,"67871338,35","0,198730289","13488090,69",,"112012971,3",,,,,,
Rio Grande do Norte,20,2015,"64990717,88","0,1783580704","11591619,04",,"118825290,5",,,,,,
Rio Grande do Norte,20,2016,"63737480,65","0,1552432733","9894815,126",,"123335136,2",,,,,,
Rio Grande do Norte,20,2017,"66714628,3","0,1455898652","9712973,743",,"125879399,2",,,,,,
Rio Grande do Norte,20,2018,66969562,"0,1509691196","10110335,81",,"128090187,4",,,,,,
Rio Grande do Sul,21,2003,"272991725,3","0,1660475915","45329618,49","49288635,33","365043824,7",,,"335766253,6",,,
Rio Grande do Sul,21,2004,"278942307,1","0,1732023332","48313458,43",,"388617488,5",,,,,,
Rio Grande do Sul,21,2005,"274328824,3","0,1705618345","46790027,55",,"413770044,3",,,,,,
Rio Grande do Sul,21,2006,"287935338,2","0,1721029957","49554534,26",,"435900122,1",,,,,,
Rio Grande do Sul,21,2007,"313715751,6","0,1799576134","56455537,94",,"459475793,9",,,,,,
Rio Grande do Sul,21,2008,"335407912,8","0,1938532955","65019929,24",,"488547401,7",,,,,,
Rio Grande do Sul,21,2009,"345402737,1","0,1910195804","65978685,9",,"524450785,4",,,,,,
Rio Grande do Sul,21,2010,"385031367,7","0,2053467365","79064934,82",,"559173148,7",,,,,,
Rio Grande do Sul,21,2011,"397196430,8","0,2060896421","81858070,27",,"604912370,5",,,,,,
Rio Grande do Sul,21,2012,"407185429,8","0,2071671277","84355435,95",,"650718752,6",,,,,,
Rio Grande do Sul,21,2013,"444226042,8","0,2091192188","92896203,03",,"696292522,4",,,,,,
Rio Grande do Sul,21,2014,449543095,"0,198730289","89337829,19",,"747690944,7",,,,,,
Rio Grande do Sul,21,2015,"433634890,6","0,1783580704","77342282,35",,"792467739,7",,,,,,
Rio Grande do Sul,21,2016,436601117,"0,1552432733","67779386,53",,"822580371,5",,,,,,
Rio Grande do Sul,21,2017,"439123970,5","0,1455898652","63931999,68",,"841335448,8",,,,,,
Rio Grande do Sul,21,2018,"457293957,6","0,1509691196","69037266,15",,"855125370,5",,,,,,
Rondônia,22,2003,"21562466,19","0,1660475915","3580395,577","4232020,815","31343392,94",,,"28829562,13",,,
Rondônia,22,2004,"23398189,25","0,1732023332","4052620,971",,"33055778,73",,,,,,
Rondônia,22,2005,"25170750,27","0,1705618345","4293169,343",,"35138334,8",,,,,,
Rondônia,22,2006,"25462993,61","0,1721029957","4382257,479",,"37337322,65",,,,,,
Rondônia,22,2007,"26960019,17","0,1799576134","4851660,706",,"39494342,92",,,,,,
Rondônia,22,2008,"30477384,66","0,1938532955","5908141,455",,"41992211,89",,,,,,
Rondônia,22,2009,"33341037,29","0,1910195804","6368790,952",,"45397693,12",,,,,,
Rondônia,22,2010,"38156759,75","0,2053467365","7835366,09",,"49060863,3",,,,,,
Rondônia,22,2011,"41321686,48","0,2060896421","8515971,576",,"53972290,26",,,,,,
Rondônia,22,2012,"42635655,19","0,2071671277","8832706,225",,"59271610,51",,,,,,
Rondônia,22,2013,"41604708,29","0,2091192188","8700344,095",,"64571835,46",,,,,,
Rondônia,22,2014,"42754865,18","0,198730289","8496686,715",,"69423814,41",,,,,,
Rondônia,22,2015,"41506397,58","0,1783580704","7403000,982",,"73782966,78",,,,,,
Rondônia,22,2016,"42145005,26","0,1552432733","6542728,569",,"76788635,77",,,,,,
Rondônia,22,2017,"45146080,12","0,1455898652","6572811,72",,"78754899,9",,,,,,
Rondônia,22,2018,"44913978,49","0,1509691196","6780623,788",,"80634061,37",,,,,,
Roraima,23,2003,"5934718,178","0,1660475915","985445,6598","1161912,87","8605414,116",,,"7915235,001",,,
Roraima,23,2004,"6001776,829","0,1732023332","1039521,75",,"9077992,587",,,,,,
Roraima,23,2005,"6424407,632","0,1705618345","1095758,752",,"9576482,323",,,,,,
Roraima,23,2006,"7416617,373","0,1721029957","1276422,068",,"10101499,97",,,,,,
Roraima,23,2007,"7848604,437","0,1799576134","1412416,123",,"10775890,83",,,,,,
Roraima,23,2008,"8537036,667","0,1938532955","1654932,692",,"11546083,26",,,,,,
Roraima,23,2009,"9587296,575","0,1910195804","1831361,369",,"12512890,17",,,,,,
Roraima,23,2010,"10596020,93","0,2053467365","2175858,317",,"13598505,81",,,,,,
Roraima,23,2011,"10944882,1","0,2060896421","2255626,834",,"14963917,67",,,,,,
Roraima,23,2012,"10918424,16","0,2071671277","2261938,572",,"16327721,95",,,,,,
Roraima,23,2013,"12046001,97","0,2091192188","2519050,521",,"17616557,69",,,,,,
Roraima,23,2014,"12242039,8","0,198730289","2432864,107",,"19085693,09",,,,,,
Roraima,23,2015,"11627662,51","0,1783580704","2073887,449",,"20381084,25",,,,,,
Roraima,23,2016,"11762511,85","0,1552432733","1826050,842",,"21240295,77",,,,,,
Roraima,23,2017,"12558100,85","0,1455898652","1828332,211",,"21800463,22",,,,,,
Roraima,23,2018,"13369987,72","0,1509691196","2018455,275",,"22329527,08",,,,,,
Santa Catarina,24,2003,"146643995,2","0,1660475915","24349882,22","28973373,89","214583973,5",,,"197373717,9",,,
Santa Catarina,24,2004,"156529452,3","0,1732023332","27111266,36",,"226145037,3",,,,,,
Santa Catarina,24,2005,"164057303,7","0,1705618345","27981914,69",,"239778466,5",,,,,,
Santa Catarina,24,2006,"177617688,6","0,1721029957","30568536,3",,"253470016,3",,,,,,
Santa Catarina,24,2007,"193685997,5","0,1799576134","34855269,86",,268932196,,,,,,
Santa Catarina,24,2008,"214185310,1","0,1938532955","41520528,21",,"287759591,1",,,,,,
Santa Catarina,24,2009,"218214296,4","0,1910195804","41683203,34",,"312130165,8",,,,,,
Santa Catarina,24,2010,"245345243,6","0,2053467365","50380845,08",,"335210973,2",,,,,,
Santa Catarina,24,2011,"260847547,4","0,2060896421","53757977,68",,"365613847,8",,,,,,
Santa Catarina,24,2012,"271556025,8","0,2071671277","56257481,88",,"397581898,4",,,,,,
Santa Catarina,24,2013,"286771020,7","0,2091192188","59969331,8",,"430144214,9",,,,,,
Santa Catarina,24,2014,"304732219,6","0,198730289","60559522,07",,"464477725,9",,,,,,
Santa Catarina,24,2015,"282753181,9","0,1783580704","50431311,93",,"497355211,8",,,,,,
Santa Catarina,24,2016,"274222717,1","0,1552432733","42571232,2",,"518145048,5",,,,,,
Santa Catarina,24,2017,"287655618,4","0,1455898652","41879742,7",,"529835768,6",,,,,,
Santa Catarina,24,2018,298227090,"0,1509691196","45023081,21",,"540138253,4",,,,,,
São Paulo,25,2003,1353123965,"0,1660475915","224682975,4","262257502,8",1942343934,,,1786562330,,,
São Paulo,25,2004,1388321264,"0,1732023332","240460482,2",,2051266708,,,,,,
São Paulo,25,2005,1494822226,"0,1705618345","254959621,3",,2169475388,,,,,,
São Paulo,25,2006,1608230201,"0,1721029957","276781235,4",,2295138182,,,,,,
São Paulo,25,2007,1747095850,"0,1799576134","314403199,6",,2435133313,,,,,,
São Paulo,25,2008,1838124827,"0,1938532955","356326555,4",,2604406952,,,,,,
São Paulo,25,2009,1905118336,"0,1910195804","363914905,1",,2805515542,,,,,,
São Paulo,25,2010,2066322466,"0,2053467365","424312574,9",,3002226771,,,,,,
São Paulo,25,2011,2152904956,"0,2060896421","443691411,8",,3247612036,,,,,,
São Paulo,25,2012,2207386501,"0,2071671277","457297921,2",,3497751617,,,,,,
São Paulo,25,2013,2293019120,"0,2091192188",479514367,,3746589839,,,,,,
São Paulo,25,2014,2334546852,"0,198730289","463945170,7",,4002814197,,,,,,
São Paulo,25,2015,2202160850,"0,1783580704",392773160,,4228198848,,,,,,
São Paulo,25,2016,2177462213,"0,1552432733","338036361,3",,4368978969,,,,,,
São Paulo,25,2017,2200196484,"0,1455898652","320326309,5",,4446632050,,,,,,
São Paulo,25,2018,2210561949,"0,1509691196","333726591,2",,4501947094,,,,,,
Sergipe,26,2003,"26880583,94","0,1660475915","4463456,221","5191969,114","38453007,48",,,"35368965,01",,,
Sergipe,26,2004,"28355697,93","0,1732023332","4911273,042",,"40624733,69",,,,,,
Sergipe,26,2005,"29029899,29","0,1705618345","4951392,88",,"43114845,74",,,,,,
Sergipe,26,2006,"32026532,99","0,1721029957","5511862,268",,"45496671,44",,,,,,
Sergipe,26,2007,"34018350,45","0,1799576134","6121861,158",,48297014,,,,,,
Sergipe,26,2008,"37764286,2","0,1938532955","7320731,333",,"51540460,08",,,,,,
Sergipe,26,2009,"36691592,26","0,1910195804","7008812,556",,"55789472,78",,,,,,
Sergipe,26,2010,"42141958,08","0,2053467365","8653713,562",,"59473333,2",,,,,,
Sergipe,26,2011,"43619776,69","0,2060896421","8989584,166",,"64582543,18",,,,,,
Sergipe,26,2012,"46515787,14","0,2071671277","9636542,018",,"69723124,04",,,,,,
Sergipe,26,2013,"47238967,43","0,2091192188","9878575,963",,"75204293,39",,,,,,
Sergipe,26,2014,"47078534,44","0,198730289","9355930,757",,"80600828,87",,,,,,
Sergipe,26,2015,"43769059,44","0,1783580704","7806564,987",,"85153095,33",,,,,,
Sergipe,26,2016,"41522426,34","0,1552432733","6446077,38",,"87884689,15",,,,,,
Sergipe,26,2017,"42236367,92","0,1455898652","6149187,113",,"89092997,28",,,,,,
Sergipe,26,2018,"42017981,28","0,1509691196","6343417,639",,"89932402,15",,,,,,
Tocantins,27,2003,"15127658,21","0,1660475915","2511911,211","2831525,738","20970979,99",,,"19289046,71",,,
Tocantins,27,2004,"15418388,84","0,1732023332","2670500,921",,"22233058,55",,,,,,
Tocantins,27,2005,"15505298,52","0,1705618345","2644612,16",,"23578509,21",,,,,,
Tocantins,27,2006,"16882624,75","0,1721029957","2905550,295",,"24817884,67",,,,,,
Tocantins,27,2007,"19032560,16","0,1799576134","3425054,103",,"26244333,72",,,,,,
Tocantins,27,2008,"21363286,42","0,1938532955","4141343,476",,"28105272,78",,,,,,
Tocantins,27,2009,"23139774,88","0,1910195804","4420150,087",,"30571592,6",,,,,,
Tocantins,27,2010,"26181930,23","0,2053467365","5376373,927",,"33169730,81",,,,,,
Tocantins,27,2011,"27491663,05","0,2060896421","5665746,998",,"36569248,5",,,,,,
Tocantins,27,2012,"29286434,88","0,2071671277","6067186,596",,"40055534,12",,,,,,
Tocantins,27,2013,"31812596,79","0,2091192188","6652625,388",,43735483,,,,,,
Tocantins,27,2014,"32902987,04","0,198730289","6538820,125",,"47781552,34",,,,,,
Tocantins,27,2015,"32841430,56","0,1783580704","5857534,185",,"51472677,97",,,,,,
Tocantins,27,2016,"33733657,75","0,1552432733","5236923,449",,"54262533,22",,,,,,
Tocantins,27,2017,"35385679,75","0,1455898652","5151796,346",,"56265507,38",,,,,,
Tocantins,27,2018,"35666183,08","0,1509691196","5384492,258",,"58063980,78",,,,,,